path,state,page_type,index_status,noindex_removed
/california/fresno/assisted-living/,California,city_service,unlocked,yes
/california/fresno/elder-law/,California,city_service,unlocked,yes
/california/fresno/final-expense-support/,California,city_service,unlocked,yes
/california/fresno/home-care/,California,city_service,unlocked,yes
/california/fresno/,California,city_hub,unlocked,yes
/california/fresno/memory-care/,California,city_service,unlocked,yes
/california/fresno/respite-care/,California,city_service,unlocked,yes
/california/fresno/ssdi/,California,city_service,unlocked,yes
/california/,California,state,unlocked,yes
/california/long-beach/assisted-living/,California,city_service,unlocked,yes
/california/long-beach/elder-law/,California,city_service,unlocked,yes
/california/long-beach/final-expense-support/,California,city_service,unlocked,yes
/california/long-beach/home-care/,California,city_service,unlocked,yes
/california/long-beach/,California,city_hub,unlocked,yes
/california/long-beach/memory-care/,California,city_service,unlocked,yes
/california/long-beach/respite-care/,California,city_service,unlocked,yes
/california/long-beach/ssdi/,California,city_service,unlocked,yes
/california/los-angeles/assisted-living/,California,city_service,unlocked,yes
/california/los-angeles/elder-law/,California,city_service,unlocked,yes
/california/los-angeles/final-expense-support/,California,city_service,unlocked,yes
/california/los-angeles/home-care/,California,city_service,unlocked,yes
/california/los-angeles/,California,city_hub,unlocked,yes
/california/los-angeles/memory-care/,California,city_service,unlocked,yes
/california/los-angeles/respite-care/,California,city_service,unlocked,yes
/california/los-angeles/ssdi/,California,city_service,unlocked,yes
/california/oakland/assisted-living/,California,city_service,unlocked,yes
/california/oakland/elder-law/,California,city_service,unlocked,yes
/california/oakland/final-expense-support/,California,city_service,unlocked,yes
/california/oakland/home-care/,California,city_service,unlocked,yes
/california/oakland/,California,city_hub,unlocked,yes
/california/oakland/memory-care/,California,city_service,unlocked,yes
/california/oakland/respite-care/,California,city_service,unlocked,yes
/california/oakland/ssdi/,California,city_service,unlocked,yes
/california/sacramento/assisted-living/,California,city_service,unlocked,yes
/california/sacramento/elder-law/,California,city_service,unlocked,yes
/california/sacramento/final-expense-support/,California,city_service,unlocked,yes
/california/sacramento/home-care/,California,city_service,unlocked,yes
/california/sacramento/,California,city_hub,unlocked,yes
/california/sacramento/memory-care/,California,city_service,unlocked,yes
/california/sacramento/respite-care/,California,city_service,unlocked,yes
/california/sacramento/ssdi/,California,city_service,unlocked,yes
/california/san-diego/assisted-living/,California,city_service,unlocked,yes
/california/san-diego/elder-law/,California,city_service,unlocked,yes
/california/san-diego/final-expense-support/,California,city_service,unlocked,yes
/california/san-diego/home-care/,California,city_service,unlocked,yes
/california/san-diego/,California,city_hub,unlocked,yes
/california/san-diego/memory-care/,California,city_service,unlocked,yes
/california/san-diego/respite-care/,California,city_service,unlocked,yes
/california/san-diego/ssdi/,California,city_service,unlocked,yes
/california/san-francisco/assisted-living/,California,city_service,unlocked,yes
/california/san-francisco/elder-law/,California,city_service,unlocked,yes
/california/san-francisco/final-expense-support/,California,city_service,unlocked,yes
/california/san-francisco/home-care/,California,city_service,unlocked,yes
/california/san-francisco/,California,city_hub,unlocked,yes
/california/san-francisco/memory-care/,California,city_service,unlocked,yes
/california/san-francisco/respite-care/,California,city_service,unlocked,yes
/california/san-francisco/ssdi/,California,city_service,unlocked,yes
/california/san-jose/assisted-living/,California,city_service,unlocked,yes
/california/san-jose/elder-law/,California,city_service,unlocked,yes
/california/san-jose/final-expense-support/,California,city_service,unlocked,yes
/california/san-jose/home-care/,California,city_service,unlocked,yes
/california/san-jose/,California,city_hub,unlocked,yes
/california/san-jose/memory-care/,California,city_service,unlocked,yes
/california/san-jose/respite-care/,California,city_service,unlocked,yes
/california/san-jose/ssdi/,California,city_service,unlocked,yes
/pennsylvania/allentown/assisted-living/,Pennsylvania,city_service,unlocked,yes
/pennsylvania/allentown/elder-law/,Pennsylvania,city_service,unlocked,yes
/pennsylvania/allentown/final-expense-support/,Pennsylvania,city_service,unlocked,yes
/pennsylvania/allentown/home-care/,Pennsylvania,city_service,unlocked,yes
/pennsylvania/allentown/,Pennsylvania,city_hub,unlocked,yes
/pennsylvania/allentown/memory-care/,Pennsylvania,city_service,unlocked,yes
/pennsylvania/allentown/respite-care/,Pennsylvania,city_service,unlocked,yes
/pennsylvania/allentown/ssdi/,Pennsylvania,city_service,unlocked,yes
/pennsylvania/bethlehem/assisted-living/,Pennsylvania,city_service,unlocked,yes
/pennsylvania/bethlehem/elder-law/,Pennsylvania,city_service,unlocked,yes
/pennsylvania/bethlehem/final-expense-support/,Pennsylvania,city_service,unlocked,yes
/pennsylvania/bethlehem/home-care/,Pennsylvania,city_service,unlocked,yes
/pennsylvania/bethlehem/,Pennsylvania,city_hub,unlocked,yes
/pennsylvania/bethlehem/memory-care/,Pennsylvania,city_service,unlocked,yes
/pennsylvania/bethlehem/respite-care/,Pennsylvania,city_service,unlocked,yes
/pennsylvania/bethlehem/ssdi/,Pennsylvania,city_service,unlocked,yes
/pennsylvania/erie/assisted-living/,Pennsylvania,city_service,unlocked,yes
/pennsylvania/erie/elder-law/,Pennsylvania,city_service,unlocked,yes
/pennsylvania/erie/final-expense-support/,Pennsylvania,city_service,unlocked,yes
/pennsylvania/erie/home-care/,Pennsylvania,city_service,unlocked,yes
/pennsylvania/erie/,Pennsylvania,city_hub,unlocked,yes
/pennsylvania/erie/memory-care/,Pennsylvania,city_service,unlocked,yes
/pennsylvania/erie/respite-care/,Pennsylvania,city_service,unlocked,yes
/pennsylvania/erie/ssdi/,Pennsylvania,city_service,unlocked,yes
/pennsylvania/,Pennsylvania,state,unlocked,yes
/pennsylvania/lancaster/assisted-living/,Pennsylvania,city_service,unlocked,yes
/pennsylvania/lancaster/elder-law/,Pennsylvania,city_service,unlocked,yes
/pennsylvania/lancaster/final-expense-support/,Pennsylvania,city_service,unlocked,yes
/pennsylvania/lancaster/home-care/,Pennsylvania,city_service,unlocked,yes
/pennsylvania/lancaster/,Pennsylvania,city_hub,unlocked,yes
/pennsylvania/lancaster/memory-care/,Pennsylvania,city_service,unlocked,yes
/pennsylvania/lancaster/respite-care/,Pennsylvania,city_service,unlocked,yes
/pennsylvania/lancaster/ssdi/,Pennsylvania,city_service,unlocked,yes
/pennsylvania/philadelphia/assisted-living/,Pennsylvania,city_service,unlocked,yes
/pennsylvania/philadelphia/elder-law/,Pennsylvania,city_service,unlocked,yes
/pennsylvania/philadelphia/final-expense-support/,Pennsylvania,city_service,unlocked,yes
/pennsylvania/philadelphia/home-care/,Pennsylvania,city_service,unlocked,yes
/pennsylvania/philadelphia/,Pennsylvania,city_hub,unlocked,yes
/pennsylvania/philadelphia/memory-care/,Pennsylvania,city_service,unlocked,yes
/pennsylvania/philadelphia/respite-care/,Pennsylvania,city_service,unlocked,yes
/pennsylvania/philadelphia/ssdi/,Pennsylvania,city_service,unlocked,yes
/pennsylvania/pittsburgh/assisted-living/,Pennsylvania,city_service,unlocked,yes
/pennsylvania/pittsburgh/elder-law/,Pennsylvania,city_service,unlocked,yes
/pennsylvania/pittsburgh/final-expense-support/,Pennsylvania,city_service,unlocked,yes
/pennsylvania/pittsburgh/home-care/,Pennsylvania,city_service,unlocked,yes
/pennsylvania/pittsburgh/,Pennsylvania,city_hub,unlocked,yes
/pennsylvania/pittsburgh/memory-care/,Pennsylvania,city_service,unlocked,yes
/pennsylvania/pittsburgh/respite-care/,Pennsylvania,city_service,unlocked,yes
/pennsylvania/pittsburgh/ssdi/,Pennsylvania,city_service,unlocked,yes
/pennsylvania/reading/assisted-living/,Pennsylvania,city_service,unlocked,yes
/pennsylvania/reading/elder-law/,Pennsylvania,city_service,unlocked,yes
/pennsylvania/reading/final-expense-support/,Pennsylvania,city_service,unlocked,yes
/pennsylvania/reading/home-care/,Pennsylvania,city_service,unlocked,yes
/pennsylvania/reading/,Pennsylvania,city_hub,unlocked,yes
/pennsylvania/reading/memory-care/,Pennsylvania,city_service,unlocked,yes
/pennsylvania/reading/respite-care/,Pennsylvania,city_service,unlocked,yes
/pennsylvania/reading/ssdi/,Pennsylvania,city_service,unlocked,yes
/pennsylvania/scranton/assisted-living/,Pennsylvania,city_service,unlocked,yes
/pennsylvania/scranton/elder-law/,Pennsylvania,city_service,unlocked,yes
/pennsylvania/scranton/final-expense-support/,Pennsylvania,city_service,unlocked,yes
/pennsylvania/scranton/home-care/,Pennsylvania,city_service,unlocked,yes
/pennsylvania/scranton/,Pennsylvania,city_hub,unlocked,yes
/pennsylvania/scranton/memory-care/,Pennsylvania,city_service,unlocked,yes
/pennsylvania/scranton/respite-care/,Pennsylvania,city_service,unlocked,yes
/pennsylvania/scranton/ssdi/,Pennsylvania,city_service,unlocked,yes
/north-carolina/cary/assisted-living/,North Carolina,city_service,unlocked,yes
/north-carolina/cary/elder-law/,North Carolina,city_service,unlocked,yes
/north-carolina/cary/final-expense-support/,North Carolina,city_service,unlocked,yes
/north-carolina/cary/home-care/,North Carolina,city_service,unlocked,yes
/north-carolina/cary/,North Carolina,city_hub,unlocked,yes
/north-carolina/cary/memory-care/,North Carolina,city_service,unlocked,yes
/north-carolina/cary/respite-care/,North Carolina,city_service,unlocked,yes
/north-carolina/cary/ssdi/,North Carolina,city_service,unlocked,yes
/north-carolina/charlotte/assisted-living/,North Carolina,city_service,unlocked,yes
/north-carolina/charlotte/elder-law/,North Carolina,city_service,unlocked,yes
/north-carolina/charlotte/final-expense-support/,North Carolina,city_service,unlocked,yes
/north-carolina/charlotte/home-care/,North Carolina,city_service,unlocked,yes
/north-carolina/charlotte/,North Carolina,city_hub,unlocked,yes
/north-carolina/charlotte/memory-care/,North Carolina,city_service,unlocked,yes
/north-carolina/charlotte/respite-care/,North Carolina,city_service,unlocked,yes
/north-carolina/charlotte/ssdi/,North Carolina,city_service,unlocked,yes
/north-carolina/durham/assisted-living/,North Carolina,city_service,unlocked,yes
/north-carolina/durham/elder-law/,North Carolina,city_service,unlocked,yes
/north-carolina/durham/final-expense-support/,North Carolina,city_service,unlocked,yes
/north-carolina/durham/home-care/,North Carolina,city_service,unlocked,yes
/north-carolina/durham/,North Carolina,city_hub,unlocked,yes
/north-carolina/durham/memory-care/,North Carolina,city_service,unlocked,yes
/north-carolina/durham/respite-care/,North Carolina,city_service,unlocked,yes
/north-carolina/durham/ssdi/,North Carolina,city_service,unlocked,yes
/north-carolina/fayetteville/assisted-living/,North Carolina,city_service,unlocked,yes
/north-carolina/fayetteville/elder-law/,North Carolina,city_service,unlocked,yes
/north-carolina/fayetteville/final-expense-support/,North Carolina,city_service,unlocked,yes
/north-carolina/fayetteville/home-care/,North Carolina,city_service,unlocked,yes
/north-carolina/fayetteville/,North Carolina,city_hub,unlocked,yes
/north-carolina/fayetteville/memory-care/,North Carolina,city_service,unlocked,yes
/north-carolina/fayetteville/respite-care/,North Carolina,city_service,unlocked,yes
/north-carolina/fayetteville/ssdi/,North Carolina,city_service,unlocked,yes
/north-carolina/greensboro/assisted-living/,North Carolina,city_service,unlocked,yes
/north-carolina/greensboro/elder-law/,North Carolina,city_service,unlocked,yes
/north-carolina/greensboro/final-expense-support/,North Carolina,city_service,unlocked,yes
/north-carolina/greensboro/home-care/,North Carolina,city_service,unlocked,yes
/north-carolina/greensboro/,North Carolina,city_hub,unlocked,yes
/north-carolina/greensboro/memory-care/,North Carolina,city_service,unlocked,yes
/north-carolina/greensboro/respite-care/,North Carolina,city_service,unlocked,yes
/north-carolina/greensboro/ssdi/,North Carolina,city_service,unlocked,yes
/north-carolina/,North Carolina,state,unlocked,yes
/north-carolina/raleigh/assisted-living/,North Carolina,city_service,unlocked,yes
/north-carolina/raleigh/elder-law/,North Carolina,city_service,unlocked,yes
/north-carolina/raleigh/final-expense-support/,North Carolina,city_service,unlocked,yes
/north-carolina/raleigh/home-care/,North Carolina,city_service,unlocked,yes
/north-carolina/raleigh/,North Carolina,city_hub,unlocked,yes
/north-carolina/raleigh/memory-care/,North Carolina,city_service,unlocked,yes
/north-carolina/raleigh/respite-care/,North Carolina,city_service,unlocked,yes
/north-carolina/raleigh/ssdi/,North Carolina,city_service,unlocked,yes
/north-carolina/wilmington/assisted-living/,North Carolina,city_service,unlocked,yes
/north-carolina/wilmington/elder-law/,North Carolina,city_service,unlocked,yes
/north-carolina/wilmington/final-expense-support/,North Carolina,city_service,unlocked,yes
/north-carolina/wilmington/home-care/,North Carolina,city_service,unlocked,yes
/north-carolina/wilmington/,North Carolina,city_hub,unlocked,yes
/north-carolina/wilmington/memory-care/,North Carolina,city_service,unlocked,yes
/north-carolina/wilmington/respite-care/,North Carolina,city_service,unlocked,yes
/north-carolina/wilmington/ssdi/,North Carolina,city_service,unlocked,yes
/north-carolina/winston-salem/assisted-living/,North Carolina,city_service,unlocked,yes
/north-carolina/winston-salem/elder-law/,North Carolina,city_service,unlocked,yes
/north-carolina/winston-salem/final-expense-support/,North Carolina,city_service,unlocked,yes
/north-carolina/winston-salem/home-care/,North Carolina,city_service,unlocked,yes
/north-carolina/winston-salem/,North Carolina,city_hub,unlocked,yes
/north-carolina/winston-salem/memory-care/,North Carolina,city_service,unlocked,yes
/north-carolina/winston-salem/respite-care/,North Carolina,city_service,unlocked,yes
/north-carolina/winston-salem/ssdi/,North Carolina,city_service,unlocked,yes
/georgia/athens/assisted-living/,Georgia,city_service,unlocked,yes
/georgia/athens/elder-law/,Georgia,city_service,unlocked,yes
/georgia/athens/final-expense-support/,Georgia,city_service,unlocked,yes
/georgia/athens/home-care/,Georgia,city_service,unlocked,yes
/georgia/athens/,Georgia,city_hub,unlocked,yes
/georgia/athens/memory-care/,Georgia,city_service,unlocked,yes
/georgia/athens/respite-care/,Georgia,city_service,unlocked,yes
/georgia/athens/ssdi/,Georgia,city_service,unlocked,yes
/georgia/atlanta/assisted-living/,Georgia,city_service,unlocked,yes
/georgia/atlanta/elder-law/,Georgia,city_service,unlocked,yes
/georgia/atlanta/final-expense-support/,Georgia,city_service,unlocked,yes
/georgia/atlanta/home-care/,Georgia,city_service,unlocked,yes
/georgia/atlanta/,Georgia,city_hub,unlocked,yes
/georgia/atlanta/memory-care/,Georgia,city_service,unlocked,yes
/georgia/atlanta/respite-care/,Georgia,city_service,unlocked,yes
/georgia/atlanta/ssdi/,Georgia,city_service,unlocked,yes
/georgia/augusta/assisted-living/,Georgia,city_service,unlocked,yes
/georgia/augusta/elder-law/,Georgia,city_service,unlocked,yes
/georgia/augusta/final-expense-support/,Georgia,city_service,unlocked,yes
/georgia/augusta/home-care/,Georgia,city_service,unlocked,yes
/georgia/augusta/,Georgia,city_hub,unlocked,yes
/georgia/augusta/memory-care/,Georgia,city_service,unlocked,yes
/georgia/augusta/respite-care/,Georgia,city_service,unlocked,yes
/georgia/augusta/ssdi/,Georgia,city_service,unlocked,yes
/georgia/columbus/assisted-living/,Georgia,city_service,unlocked,yes
/georgia/columbus/elder-law/,Georgia,city_service,unlocked,yes
/georgia/columbus/final-expense-support/,Georgia,city_service,unlocked,yes
/georgia/columbus/home-care/,Georgia,city_service,unlocked,yes
/georgia/columbus/,Georgia,city_hub,unlocked,yes
/georgia/columbus/memory-care/,Georgia,city_service,unlocked,yes
/georgia/columbus/respite-care/,Georgia,city_service,unlocked,yes
/georgia/columbus/ssdi/,Georgia,city_service,unlocked,yes
/georgia/,Georgia,state,unlocked,yes
/georgia/macon/assisted-living/,Georgia,city_service,unlocked,yes
/georgia/macon/elder-law/,Georgia,city_service,unlocked,yes
/georgia/macon/final-expense-support/,Georgia,city_service,unlocked,yes
/georgia/macon/home-care/,Georgia,city_service,unlocked,yes
/georgia/macon/,Georgia,city_hub,unlocked,yes
/georgia/macon/memory-care/,Georgia,city_service,unlocked,yes
/georgia/macon/respite-care/,Georgia,city_service,unlocked,yes
/georgia/macon/ssdi/,Georgia,city_service,unlocked,yes
/georgia/roswell/assisted-living/,Georgia,city_service,unlocked,yes
/georgia/roswell/elder-law/,Georgia,city_service,unlocked,yes
/georgia/roswell/final-expense-support/,Georgia,city_service,unlocked,yes
/georgia/roswell/home-care/,Georgia,city_service,unlocked,yes
/georgia/roswell/,Georgia,city_hub,unlocked,yes
/georgia/roswell/memory-care/,Georgia,city_service,unlocked,yes
/georgia/roswell/respite-care/,Georgia,city_service,unlocked,yes
/georgia/roswell/ssdi/,Georgia,city_service,unlocked,yes
/georgia/sandy-springs/assisted-living/,Georgia,city_service,unlocked,yes
/georgia/sandy-springs/elder-law/,Georgia,city_service,unlocked,yes
/georgia/sandy-springs/final-expense-support/,Georgia,city_service,unlocked,yes
/georgia/sandy-springs/home-care/,Georgia,city_service,unlocked,yes
/georgia/sandy-springs/,Georgia,city_hub,unlocked,yes
/georgia/sandy-springs/memory-care/,Georgia,city_service,unlocked,yes
/georgia/sandy-springs/respite-care/,Georgia,city_service,unlocked,yes
/georgia/sandy-springs/ssdi/,Georgia,city_service,unlocked,yes
/georgia/savannah/assisted-living/,Georgia,city_service,unlocked,yes
/georgia/savannah/elder-law/,Georgia,city_service,unlocked,yes
/georgia/savannah/final-expense-support/,Georgia,city_service,unlocked,yes
/georgia/savannah/home-care/,Georgia,city_service,unlocked,yes
/georgia/savannah/,Georgia,city_hub,unlocked,yes
/georgia/savannah/memory-care/,Georgia,city_service,unlocked,yes
/georgia/savannah/respite-care/,Georgia,city_service,unlocked,yes
/georgia/savannah/ssdi/,Georgia,city_service,unlocked,yes
/ohio/akron/assisted-living/,Ohio,city_service,unlocked,yes
/ohio/akron/elder-law/,Ohio,city_service,unlocked,yes
/ohio/akron/final-expense-support/,Ohio,city_service,unlocked,yes
/ohio/akron/home-care/,Ohio,city_service,unlocked,yes
/ohio/akron/,Ohio,city_hub,unlocked,yes
/ohio/akron/memory-care/,Ohio,city_service,unlocked,yes
/ohio/akron/respite-care/,Ohio,city_service,unlocked,yes
/ohio/akron/ssdi/,Ohio,city_service,unlocked,yes
/ohio/canton/assisted-living/,Ohio,city_service,unlocked,yes
/ohio/canton/elder-law/,Ohio,city_service,unlocked,yes
/ohio/canton/final-expense-support/,Ohio,city_service,unlocked,yes
/ohio/canton/home-care/,Ohio,city_service,unlocked,yes
/ohio/canton/,Ohio,city_hub,unlocked,yes
/ohio/canton/memory-care/,Ohio,city_service,unlocked,yes
/ohio/canton/respite-care/,Ohio,city_service,unlocked,yes
/ohio/canton/ssdi/,Ohio,city_service,unlocked,yes
/ohio/cincinnati/assisted-living/,Ohio,city_service,unlocked,yes
/ohio/cincinnati/elder-law/,Ohio,city_service,unlocked,yes
/ohio/cincinnati/final-expense-support/,Ohio,city_service,unlocked,yes
/ohio/cincinnati/home-care/,Ohio,city_service,unlocked,yes
/ohio/cincinnati/,Ohio,city_hub,unlocked,yes
/ohio/cincinnati/memory-care/,Ohio,city_service,unlocked,yes
/ohio/cincinnati/respite-care/,Ohio,city_service,unlocked,yes
/ohio/cincinnati/ssdi/,Ohio,city_service,unlocked,yes
/ohio/cleveland/assisted-living/,Ohio,city_service,unlocked,yes
/ohio/cleveland/elder-law/,Ohio,city_service,unlocked,yes
/ohio/cleveland/final-expense-support/,Ohio,city_service,unlocked,yes
/ohio/cleveland/home-care/,Ohio,city_service,unlocked,yes
/ohio/cleveland/,Ohio,city_hub,unlocked,yes
/ohio/cleveland/memory-care/,Ohio,city_service,unlocked,yes
/ohio/cleveland/respite-care/,Ohio,city_service,unlocked,yes
/ohio/cleveland/ssdi/,Ohio,city_service,unlocked,yes
/ohio/columbus/assisted-living/,Ohio,city_service,unlocked,yes
/ohio/columbus/elder-law/,Ohio,city_service,unlocked,yes
/ohio/columbus/final-expense-support/,Ohio,city_service,unlocked,yes
/ohio/columbus/home-care/,Ohio,city_service,unlocked,yes
/ohio/columbus/,Ohio,city_hub,unlocked,yes
/ohio/columbus/memory-care/,Ohio,city_service,unlocked,yes
/ohio/columbus/respite-care/,Ohio,city_service,unlocked,yes
/ohio/columbus/ssdi/,Ohio,city_service,unlocked,yes
/ohio/dayton/assisted-living/,Ohio,city_service,unlocked,yes
/ohio/dayton/elder-law/,Ohio,city_service,unlocked,yes
/ohio/dayton/final-expense-support/,Ohio,city_service,unlocked,yes
/ohio/dayton/home-care/,Ohio,city_service,unlocked,yes
/ohio/dayton/,Ohio,city_hub,unlocked,yes
/ohio/dayton/memory-care/,Ohio,city_service,unlocked,yes
/ohio/dayton/respite-care/,Ohio,city_service,unlocked,yes
/ohio/dayton/ssdi/,Ohio,city_service,unlocked,yes
/ohio/,Ohio,state,unlocked,yes
/ohio/parma/assisted-living/,Ohio,city_service,unlocked,yes
/ohio/parma/elder-law/,Ohio,city_service,unlocked,yes
/ohio/parma/final-expense-support/,Ohio,city_service,unlocked,yes
/ohio/parma/home-care/,Ohio,city_service,unlocked,yes
/ohio/parma/,Ohio,city_hub,unlocked,yes
/ohio/parma/memory-care/,Ohio,city_service,unlocked,yes
/ohio/parma/respite-care/,Ohio,city_service,unlocked,yes
/ohio/parma/ssdi/,Ohio,city_service,unlocked,yes
/ohio/toledo/assisted-living/,Ohio,city_service,unlocked,yes
/ohio/toledo/elder-law/,Ohio,city_service,unlocked,yes
/ohio/toledo/final-expense-support/,Ohio,city_service,unlocked,yes
/ohio/toledo/home-care/,Ohio,city_service,unlocked,yes
/ohio/toledo/,Ohio,city_hub,unlocked,yes
/ohio/toledo/memory-care/,Ohio,city_service,unlocked,yes
/ohio/toledo/respite-care/,Ohio,city_service,unlocked,yes
/ohio/toledo/ssdi/,Ohio,city_service,unlocked,yes
/illinois/aurora/assisted-living/,Illinois,city_service,unlocked,yes
/illinois/aurora/elder-law/,Illinois,city_service,unlocked,yes
/illinois/aurora/final-expense-support/,Illinois,city_service,unlocked,yes
/illinois/aurora/home-care/,Illinois,city_service,unlocked,yes
/illinois/aurora/,Illinois,city_hub,unlocked,yes
/illinois/aurora/memory-care/,Illinois,city_service,unlocked,yes
/illinois/aurora/respite-care/,Illinois,city_service,unlocked,yes
/illinois/aurora/ssdi/,Illinois,city_service,unlocked,yes
/illinois/chicago/assisted-living/,Illinois,city_service,unlocked,yes
/illinois/chicago/elder-law/,Illinois,city_service,unlocked,yes
/illinois/chicago/final-expense-support/,Illinois,city_service,unlocked,yes
/illinois/chicago/home-care/,Illinois,city_service,unlocked,yes
/illinois/chicago/,Illinois,city_hub,unlocked,yes
/illinois/chicago/memory-care/,Illinois,city_service,unlocked,yes
/illinois/chicago/respite-care/,Illinois,city_service,unlocked,yes
/illinois/chicago/ssdi/,Illinois,city_service,unlocked,yes
/illinois/elgin/assisted-living/,Illinois,city_service,unlocked,yes
/illinois/elgin/elder-law/,Illinois,city_service,unlocked,yes
/illinois/elgin/final-expense-support/,Illinois,city_service,unlocked,yes
/illinois/elgin/home-care/,Illinois,city_service,unlocked,yes
/illinois/elgin/,Illinois,city_hub,unlocked,yes
/illinois/elgin/memory-care/,Illinois,city_service,unlocked,yes
/illinois/elgin/respite-care/,Illinois,city_service,unlocked,yes
/illinois/elgin/ssdi/,Illinois,city_service,unlocked,yes
/illinois/,Illinois,state,unlocked,yes
/illinois/joliet/assisted-living/,Illinois,city_service,unlocked,yes
/illinois/joliet/elder-law/,Illinois,city_service,unlocked,yes
/illinois/joliet/final-expense-support/,Illinois,city_service,unlocked,yes
/illinois/joliet/home-care/,Illinois,city_service,unlocked,yes
/illinois/joliet/,Illinois,city_hub,unlocked,yes
/illinois/joliet/memory-care/,Illinois,city_service,unlocked,yes
/illinois/joliet/respite-care/,Illinois,city_service,unlocked,yes
/illinois/joliet/ssdi/,Illinois,city_service,unlocked,yes
/illinois/naperville/assisted-living/,Illinois,city_service,unlocked,yes
/illinois/naperville/elder-law/,Illinois,city_service,unlocked,yes
/illinois/naperville/final-expense-support/,Illinois,city_service,unlocked,yes
/illinois/naperville/home-care/,Illinois,city_service,unlocked,yes
/illinois/naperville/,Illinois,city_hub,unlocked,yes
/illinois/naperville/memory-care/,Illinois,city_service,unlocked,yes
/illinois/naperville/respite-care/,Illinois,city_service,unlocked,yes
/illinois/naperville/ssdi/,Illinois,city_service,unlocked,yes
/illinois/peoria/assisted-living/,Illinois,city_service,unlocked,yes
/illinois/peoria/elder-law/,Illinois,city_service,unlocked,yes
/illinois/peoria/final-expense-support/,Illinois,city_service,unlocked,yes
/illinois/peoria/home-care/,Illinois,city_service,unlocked,yes
/illinois/peoria/,Illinois,city_hub,unlocked,yes
/illinois/peoria/memory-care/,Illinois,city_service,unlocked,yes
/illinois/peoria/respite-care/,Illinois,city_service,unlocked,yes
/illinois/peoria/ssdi/,Illinois,city_service,unlocked,yes
/illinois/rockford/assisted-living/,Illinois,city_service,unlocked,yes
/illinois/rockford/elder-law/,Illinois,city_service,unlocked,yes
/illinois/rockford/final-expense-support/,Illinois,city_service,unlocked,yes
/illinois/rockford/home-care/,Illinois,city_service,unlocked,yes
/illinois/rockford/,Illinois,city_hub,unlocked,yes
/illinois/rockford/memory-care/,Illinois,city_service,unlocked,yes
/illinois/rockford/respite-care/,Illinois,city_service,unlocked,yes
/illinois/rockford/ssdi/,Illinois,city_service,unlocked,yes
/illinois/springfield/assisted-living/,Illinois,city_service,unlocked,yes
/illinois/springfield/elder-law/,Illinois,city_service,unlocked,yes
/illinois/springfield/final-expense-support/,Illinois,city_service,unlocked,yes
/illinois/springfield/home-care/,Illinois,city_service,unlocked,yes
/illinois/springfield/,Illinois,city_hub,unlocked,yes
/illinois/springfield/memory-care/,Illinois,city_service,unlocked,yes
/illinois/springfield/respite-care/,Illinois,city_service,unlocked,yes
/illinois/springfield/ssdi/,Illinois,city_service,unlocked,yes
/arizona/chandler/assisted-living/,Arizona,city_service,unlocked,yes
/arizona/chandler/elder-law/,Arizona,city_service,unlocked,yes
/arizona/chandler/final-expense-support/,Arizona,city_service,unlocked,yes
/arizona/chandler/home-care/,Arizona,city_service,unlocked,yes
/arizona/chandler/,Arizona,city_hub,unlocked,yes
/arizona/chandler/memory-care/,Arizona,city_service,unlocked,yes
/arizona/chandler/respite-care/,Arizona,city_service,unlocked,yes
/arizona/chandler/ssdi/,Arizona,city_service,unlocked,yes
/arizona/glendale/assisted-living/,Arizona,city_service,unlocked,yes
/arizona/glendale/elder-law/,Arizona,city_service,unlocked,yes
/arizona/glendale/final-expense-support/,Arizona,city_service,unlocked,yes
/arizona/glendale/home-care/,Arizona,city_service,unlocked,yes
/arizona/glendale/,Arizona,city_hub,unlocked,yes
/arizona/glendale/memory-care/,Arizona,city_service,unlocked,yes
/arizona/glendale/respite-care/,Arizona,city_service,unlocked,yes
/arizona/glendale/ssdi/,Arizona,city_service,unlocked,yes
/arizona/,Arizona,state,unlocked,yes
/arizona/mesa/assisted-living/,Arizona,city_service,unlocked,yes
/arizona/mesa/elder-law/,Arizona,city_service,unlocked,yes
/arizona/mesa/final-expense-support/,Arizona,city_service,unlocked,yes
/arizona/mesa/home-care/,Arizona,city_service,unlocked,yes
/arizona/mesa/,Arizona,city_hub,unlocked,yes
/arizona/mesa/memory-care/,Arizona,city_service,unlocked,yes
/arizona/mesa/respite-care/,Arizona,city_service,unlocked,yes
/arizona/mesa/ssdi/,Arizona,city_service,unlocked,yes
/arizona/peoria/assisted-living/,Arizona,city_service,unlocked,yes
/arizona/peoria/elder-law/,Arizona,city_service,unlocked,yes
/arizona/peoria/final-expense-support/,Arizona,city_service,unlocked,yes
/arizona/peoria/home-care/,Arizona,city_service,unlocked,yes
/arizona/peoria/,Arizona,city_hub,unlocked,yes
/arizona/peoria/memory-care/,Arizona,city_service,unlocked,yes
/arizona/peoria/respite-care/,Arizona,city_service,unlocked,yes
/arizona/peoria/ssdi/,Arizona,city_service,unlocked,yes
/arizona/phoenix/assisted-living/,Arizona,city_service,unlocked,yes
/arizona/phoenix/elder-law/,Arizona,city_service,unlocked,yes
/arizona/phoenix/final-expense-support/,Arizona,city_service,unlocked,yes
/arizona/phoenix/home-care/,Arizona,city_service,unlocked,yes
/arizona/phoenix/,Arizona,city_hub,unlocked,yes
/arizona/phoenix/memory-care/,Arizona,city_service,unlocked,yes
/arizona/phoenix/respite-care/,Arizona,city_service,unlocked,yes
/arizona/phoenix/ssdi/,Arizona,city_service,unlocked,yes
/arizona/scottsdale/assisted-living/,Arizona,city_service,unlocked,yes
/arizona/scottsdale/elder-law/,Arizona,city_service,unlocked,yes
/arizona/scottsdale/final-expense-support/,Arizona,city_service,unlocked,yes
/arizona/scottsdale/home-care/,Arizona,city_service,unlocked,yes
/arizona/scottsdale/,Arizona,city_hub,unlocked,yes
/arizona/scottsdale/memory-care/,Arizona,city_service,unlocked,yes
/arizona/scottsdale/respite-care/,Arizona,city_service,unlocked,yes
/arizona/scottsdale/ssdi/,Arizona,city_service,unlocked,yes
/arizona/tempe/assisted-living/,Arizona,city_service,unlocked,yes
/arizona/tempe/elder-law/,Arizona,city_service,unlocked,yes
/arizona/tempe/final-expense-support/,Arizona,city_service,unlocked,yes
/arizona/tempe/home-care/,Arizona,city_service,unlocked,yes
/arizona/tempe/,Arizona,city_hub,unlocked,yes
/arizona/tempe/memory-care/,Arizona,city_service,unlocked,yes
/arizona/tempe/respite-care/,Arizona,city_service,unlocked,yes
/arizona/tempe/ssdi/,Arizona,city_service,unlocked,yes
/arizona/tucson/assisted-living/,Arizona,city_service,unlocked,yes
/arizona/tucson/elder-law/,Arizona,city_service,unlocked,yes
/arizona/tucson/final-expense-support/,Arizona,city_service,unlocked,yes
/arizona/tucson/home-care/,Arizona,city_service,unlocked,yes
/arizona/tucson/,Arizona,city_hub,unlocked,yes
/arizona/tucson/memory-care/,Arizona,city_service,unlocked,yes
/arizona/tucson/respite-care/,Arizona,city_service,unlocked,yes
/arizona/tucson/ssdi/,Arizona,city_service,unlocked,yes
/michigan/ann-arbor/assisted-living/,Michigan,city_service,unlocked,yes
/michigan/ann-arbor/elder-law/,Michigan,city_service,unlocked,yes
/michigan/ann-arbor/final-expense-support/,Michigan,city_service,unlocked,yes
/michigan/ann-arbor/home-care/,Michigan,city_service,unlocked,yes
/michigan/ann-arbor/,Michigan,city_hub,unlocked,yes
/michigan/ann-arbor/memory-care/,Michigan,city_service,unlocked,yes
/michigan/ann-arbor/respite-care/,Michigan,city_service,unlocked,yes
/michigan/ann-arbor/ssdi/,Michigan,city_service,unlocked,yes
/michigan/dearborn/assisted-living/,Michigan,city_service,unlocked,yes
/michigan/dearborn/elder-law/,Michigan,city_service,unlocked,yes
/michigan/dearborn/final-expense-support/,Michigan,city_service,unlocked,yes
/michigan/dearborn/home-care/,Michigan,city_service,unlocked,yes
/michigan/dearborn/,Michigan,city_hub,unlocked,yes
/michigan/dearborn/memory-care/,Michigan,city_service,unlocked,yes
/michigan/dearborn/respite-care/,Michigan,city_service,unlocked,yes
/michigan/dearborn/ssdi/,Michigan,city_service,unlocked,yes
/michigan/detroit/assisted-living/,Michigan,city_service,unlocked,yes
/michigan/detroit/elder-law/,Michigan,city_service,unlocked,yes
/michigan/detroit/final-expense-support/,Michigan,city_service,unlocked,yes
/michigan/detroit/home-care/,Michigan,city_service,unlocked,yes
/michigan/detroit/,Michigan,city_hub,unlocked,yes
/michigan/detroit/memory-care/,Michigan,city_service,unlocked,yes
/michigan/detroit/respite-care/,Michigan,city_service,unlocked,yes
/michigan/detroit/ssdi/,Michigan,city_service,unlocked,yes
/michigan/flint/assisted-living/,Michigan,city_service,unlocked,yes
/michigan/flint/elder-law/,Michigan,city_service,unlocked,yes
/michigan/flint/final-expense-support/,Michigan,city_service,unlocked,yes
/michigan/flint/home-care/,Michigan,city_service,unlocked,yes
/michigan/flint/,Michigan,city_hub,unlocked,yes
/michigan/flint/memory-care/,Michigan,city_service,unlocked,yes
/michigan/flint/respite-care/,Michigan,city_service,unlocked,yes
/michigan/flint/ssdi/,Michigan,city_service,unlocked,yes
/michigan/grand-rapids/assisted-living/,Michigan,city_service,unlocked,yes
/michigan/grand-rapids/elder-law/,Michigan,city_service,unlocked,yes
/michigan/grand-rapids/final-expense-support/,Michigan,city_service,unlocked,yes
/michigan/grand-rapids/home-care/,Michigan,city_service,unlocked,yes
/michigan/grand-rapids/,Michigan,city_hub,unlocked,yes
/michigan/grand-rapids/memory-care/,Michigan,city_service,unlocked,yes
/michigan/grand-rapids/respite-care/,Michigan,city_service,unlocked,yes
/michigan/grand-rapids/ssdi/,Michigan,city_service,unlocked,yes
/michigan/,Michigan,state,unlocked,yes
/michigan/lansing/assisted-living/,Michigan,city_service,unlocked,yes
/michigan/lansing/elder-law/,Michigan,city_service,unlocked,yes
/michigan/lansing/final-expense-support/,Michigan,city_service,unlocked,yes
/michigan/lansing/home-care/,Michigan,city_service,unlocked,yes
/michigan/lansing/,Michigan,city_hub,unlocked,yes
/michigan/lansing/memory-care/,Michigan,city_service,unlocked,yes
/michigan/lansing/respite-care/,Michigan,city_service,unlocked,yes
/michigan/lansing/ssdi/,Michigan,city_service,unlocked,yes
/michigan/sterling-heights/assisted-living/,Michigan,city_service,unlocked,yes
/michigan/sterling-heights/elder-law/,Michigan,city_service,unlocked,yes
/michigan/sterling-heights/final-expense-support/,Michigan,city_service,unlocked,yes
/michigan/sterling-heights/home-care/,Michigan,city_service,unlocked,yes
/michigan/sterling-heights/,Michigan,city_hub,unlocked,yes
/michigan/sterling-heights/memory-care/,Michigan,city_service,unlocked,yes
/michigan/sterling-heights/respite-care/,Michigan,city_service,unlocked,yes
/michigan/sterling-heights/ssdi/,Michigan,city_service,unlocked,yes
/michigan/warren/assisted-living/,Michigan,city_service,unlocked,yes
/michigan/warren/elder-law/,Michigan,city_service,unlocked,yes
/michigan/warren/final-expense-support/,Michigan,city_service,unlocked,yes
/michigan/warren/home-care/,Michigan,city_service,unlocked,yes
/michigan/warren/,Michigan,city_hub,unlocked,yes
/michigan/warren/memory-care/,Michigan,city_service,unlocked,yes
/michigan/warren/respite-care/,Michigan,city_service,unlocked,yes
/michigan/warren/ssdi/,Michigan,city_service,unlocked,yes
